id,title,subtitle,poster,pubdate,url,rating,genres,star,star_time
,爱的徒劳,,https://img9.doubanio.com/pview/drama_subject_poster/median/public/32565d8b303acf7.jpg,,https://www.douban.com/location/drama/11638850/,,,4,2022-05-22 12:28:14
3397460213,无事生非 (2011年伦敦Wyndham剧院版),2011 / 英国 / 喜剧 爱情 / Josie Rourke / 大卫·田纳特 凯瑟琳·塔特,https://img9.doubanio.com/view/photo/m_ratio_poster/public/p2328040727.jpg,,https://movie.douban.com/subject/26763132/,9.4,"喜剧,爱情",4.5,2022-05-12 12:28:14
3397460023,龙猫,1988 / 日本 / 动画 奇幻 冒险 / 宫崎骏 / 日高法子 坂本千夏,https://img9.doubanio.com/view/photo/m_ratio_poster/public/p2540924496.jpg,2018-12-14(中国大陆),https://movie.douban.com/subject/1291560/,9.2,"动画,奇幻,冒险",4.5,2022-04-22 12:28:00
3397456215,琉璃之舞,2022 / 西班牙 / 剧情 惊悚 / Jota Linares / 玛利亚·佩德拉萨 玛塔·哈扎斯,https://img9.doubanio.com/view/photo/m_ratio_poster/public/p2870722738.jpg,2022-04-08(西班牙),https://movie.douban.com/subject/35798217/,6.1,"剧情,惊悚",3,2022-04-18 12:23:31
3397456049,婚姻故事,2019 / 英国 美国 / 剧情 爱情 / 诺亚·鲍姆巴赫 / 斯嘉丽·约翰逊 亚当·德赖弗,https://img9.doubanio.com/view/photo/m_ratio_poster/public/p2571760178.jpg,2020-05-20(中国大陆网络),https://movie.douban.com/subject/27202818/,8.6,"剧情,爱情",4.5,2022-04-15 12:23:20
3315541291,神奇动物：邓布利多之谜,2022 / 英国 美国 / 奇幻 冒险 / 大卫·叶茨 / 埃迪·雷德梅恩 裘德·洛,https://img9.doubanio.com/view/photo/m_ratio_poster/public/p2871106106.jpg,2022-04-08(中国大陆),https://movie.douban.com/subject/26147418/,5.9,"奇幻,冒险",1,2022-04-14 22:34:32
3397451137,青蛇,1993 / 中国香港 中国大陆 / 剧情 爱情 奇幻 / 徐克 / 张曼玉 王祖贤,https://img9.doubanio.com/view/photo/m_ratio_poster/public/p2570901292.jpg,1993-11-04(中国香港),https://movie.douban.com/subject/1303394/,8.6,"剧情,爱情,奇幻",4.5,2022-02-22 12:17:26
3397450909,朗读者,2008 / 美国 德国 / 剧情 爱情 / 史蒂芬·戴德利 / 凯特·温丝莱特 大卫·克劳斯,https://img9.doubanio.com/view/photo/m_ratio_poster/public/p1140984198.jpg,2008-12-10(纽约首映),https://movie.douban.com/subject/2213597/,8.6,"剧情,爱情",4.5,2022-02-20 12:17:08
3397449756,哈尔的移动城堡,2004 / 日本 / 动画 奇幻 冒险 / 宫崎骏 / 倍赏千惠子 木村拓哉,https://img9.doubanio.com/view/photo/m_ratio_poster/public/p2174346180.jpg,2004-09-05(威尼斯电影节),https://movie.douban.com/subject/1308807/,9.1,"动画,奇幻,冒险",4.5,2022-01-22 12:15:38
3397449582,奇巧计程车,2021 / 日本 / 剧情 动画 悬疑 / 木下麦 新田典生 西田健一 大庭秀昭 / 花江夏树 饭田里穗,https://img9.doubanio.com/view/photo/m_ratio_poster/public/p2631090442.jpg,2021-04-06(日本),https://movie.douban.com/subject/35332568/,9.5,"剧情,动画,悬疑",4,2022-01-20 12:15:24
3398447371,失控玩家,2021 / 美国 加拿大 / 喜剧 动作 科幻 / 肖恩·利维 / 瑞安·雷诺兹 朱迪·科默,https://img9.doubanio.com/view/photo/m_ratio_poster/public/p2677520025.jpg,2021-08-27(中国大陆),https://movie.douban.com/subject/30337388/,7.5,"喜剧,动作,科幻",4,202108-20 11:35:12
3397447511,雄狮少年,2021 / 中国大陆 / 剧情 喜剧 动画 / 孙海鹏 / 大昕 大雄,https://img9.doubanio.com/view/photo/m_ratio_poster/public/p2702755317.jpg,2021-12-17(中国大陆),https://movie.douban.com/subject/35144311/,8.3,"剧情,喜剧,动画",4,2021-12-22 12:12:39
,亚当斯一家,,https://img9.doubanio.com/view/photo/s_ratio_poster/public/p1219939183.webp,,https://movie.douban.com/subject/1293718/,,,4,2021-12-20 12:12:39
3398452145,死亡诗社,1989 / 美国 / 剧情 / 彼得·威尔 / 罗宾·威廉姆斯 罗伯特·肖恩·莱纳德,https://img9.doubanio.com/view/photo/m_ratio_poster/public/p2575465690.jpg,1989-06-02(多伦多首映),https://movie.douban.com/subject/1291548/,9.1,剧情,4.5,2021-11-30 11:41:26
3398452005,成为简·奥斯汀,2007 / 英国 爱尔兰 / 传记 剧情 爱情 / 朱里安·杰拉德 / 安妮·海瑟薇 詹姆斯·麦卡沃伊,https://img9.doubanio.com/view/photo/m_ratio_poster/public/p1284506783.jpg,2007-03-09(英国),https://movie.douban.com/subject/1920805/,8.3,"传记,剧情,爱情",4,2021-11-25 11:41:13
3398451802,名侦探柯南：贝克街的亡灵,2002 / 日本 / 动画 冒险 悬疑 / 儿玉兼嗣 / 高山南 山崎和佳奈,https://img9.doubanio.com/view/photo/m_ratio_poster/public/p453731188.jpg,2002-04-20(日本),https://movie.douban.com/subject/2286642/,9,"动画,冒险,悬疑",4.5,2021-11-23 11:40:57
3398451630,生活大爆炸  第一季,2007 / 美国 / 喜剧 / 詹姆斯·伯罗斯 / 吉姆·帕森斯 约翰尼·盖尔克奇,https://img9.doubanio.com/view/photo/m_ratio_poster/public/p2553281898.jpg,2007-09-24(美国),https://movie.douban.com/subject/2156528/,9.5,喜剧,4,2021-11-20 11:40:42
3094936503,入殓师,2008 / 日本 / 剧情 / 泷田洋二郎 / 本木雅弘 广末凉子,https://img9.doubanio.com/view/photo/m_ratio_poster/public/p2707581855.jpg,2021-10-29(中国大陆),https://movie.douban.com/subject/2149806/,8.9,剧情,4.5,2021-11-02 19:58:53
3088097489,沙丘,2021 / 美国 / 剧情 科幻 冒险 / 丹尼斯·维伦纽瓦 / 蒂莫西·柴勒梅德 丽贝卡·弗格森,https://img9.doubanio.com/view/photo/m_ratio_poster/public/p2687443734.jpg,2021-10-22(美国/中国大陆),https://movie.douban.com/subject/3001114/,7.7,"剧情,科幻,冒险",4,2021-10-27 18:57:15
3398449646,调音师,2018 / 印度 / 喜剧 犯罪 悬疑 / 斯里兰姆·拉格万 / 阿尤斯曼·库拉纳 塔布,https://img9.doubanio.com/view/photo/m_ratio_poster/public/p2551995207.jpg,2019-04-03(中国大陆),https://movie.douban.com/subject/30334073/,8.2,"喜剧,犯罪,悬疑",4,2021-10-23 11:37:58
3398447660,佐贺偶像是传奇 卷土重来,2021 / 日本 / 动画 / 境宗久 宇田钢之助 清水久敏 后藤康德 / 宫野真守 本渡枫,https://img9.doubanio.com/view/photo/m_ratio_poster/public/p2629507137.jpg,2021-04-08(日本),https://movie.douban.com/subject/34777842/,9.2,动画,4.5,2021-10-20 11:35:35
3069458661,春宵苦短，少女前进吧！,2017 / 日本 / 喜剧 爱情 动画 / 汤浅政明 / 星野源 花泽香菜,https://img9.doubanio.com/view/photo/m_ratio_poster/public/p2418455758.jpg,2017-04-07(日本),https://movie.douban.com/subject/26935251/,8.7,"喜剧,爱情,动画",5,2021-10-11 00:54:31
3398447594,佐贺偶像是传奇,2018 / 日本 / 动画 恐怖 / 境宗久 宇田钢之助 清水久敏 后藤康德 / 宫野真守 本渡枫,https://img9.doubanio.com/view/photo/m_ratio_poster/public/p2537106539.jpg,2018-10-04(日本),https://movie.douban.com/subject/30267274/,8.9,"动画,恐怖",4.5,2021-08-23 11:35:29
3398447215,言叶之庭,2013 / 日本 / 爱情 动画 / 新海诚 / 入野自由 花泽香菜,https://img9.doubanio.com/view/photo/m_ratio_poster/public/p1958733032.jpg,2013-05-31(日本),https://movie.douban.com/subject/20470074/,8.3,"爱情,动画",4,2021-08-15 11:34:59
3398447027,了不起的盖茨比,2013 / 澳大利亚 美国 / 剧情 爱情 / 巴兹·鲁赫曼 / 莱昂纳多·迪卡普里奥 凯瑞·穆里根,https://img9.doubanio.com/view/photo/m_ratio_poster/public/p2091221628.jpg,2013-08-30(中国大陆),https://movie.douban.com/subject/3364223/,7.9,"剧情,爱情",4,2021-07-23 11:34:44
3398446856,夏日大作战,2009 / 日本 / 喜剧 科幻 动画 / 细田守 / 神木隆之介 樱庭奈奈美,https://img9.doubanio.com/view/photo/m_ratio_poster/public/p1031772057.jpg,2009-08-01(日本),https://movie.douban.com/subject/3908423/,8.5,"喜剧,科幻,动画",4.5,2021-07-20 11:34:30
2917082143,黑白魔女库伊拉,2021 / 美国 / 喜剧 犯罪 / 克雷格·吉勒斯佩 / 艾玛·斯通 艾玛·汤普森,https://img9.doubanio.com/view/photo/m_ratio_poster/public/p2653946775.jpg,2021-06-06(中国大陆),https://movie.douban.com/subject/26703121/,6.8,"喜剧,犯罪",3.5,2021-06-16 20:50:35
2894524789,大红灯笼高高挂,1991 / 中国大陆 中国香港 中国台湾 / 剧情 / 张艺谋 / 巩俐 马精武,https://img9.doubanio.com/view/photo/m_ratio_poster/public/p1254404823.jpg,1991-09-10(威尼斯电影节),https://movie.douban.com/subject/1293323/,8.7,剧情,4.5,2021-05-29 00:18:53
2815898365,波斯语课,2020 / 俄罗斯 德国 白俄罗斯 / 剧情 / 瓦迪姆·佩尔曼 / 纳威尔·佩雷兹·毕斯卡亚特 拉斯·艾丁格,https://img9.doubanio.com/view/photo/m_ratio_poster/public/p2588101332.jpg,2021-03-19(中国大陆),https://movie.douban.com/subject/30466931/,8.1,剧情,4,2021-03-29 19:03:59
2693593106,心灵奇旅,2020 / 美国 / 动画 奇幻 音乐 / 彼特·道格特 凯普·鲍尔斯 / 杰米·福克斯 蒂娜·菲,https://img9.doubanio.com/view/photo/m_ratio_poster/public/p2626308994.jpg,2020-12-25(中国大陆/美国网络),https://movie.douban.com/subject/24733428/,8.7,"动画,奇幻,音乐",4.5,2021-01-15 22:41:12
2682508581,金光御九界之战血天道,2019 / 中国台湾 / 奇幻 武侠 古装 / 李建忠 / 王钟庆,https://img9.doubanio.com/view/photo/m_ratio_poster/public/p2555075863.jpg,2019-05-02(中国台湾),https://movie.douban.com/subject/33400385/,7.5,"奇幻,武侠,古装",1,2021-01-08 19:00:20
2663930169,金光御九界之鬼途奇行录,2017 / 中国台湾 / 奇幻 武侠 古装 / 李建忠 王钟庆,https://img9.doubanio.com/view/photo/m_ratio_poster/public/p2543506995.jpg,2017-11-22(中国台湾),https://movie.douban.com/subject/27180993/,8.3,"奇幻,武侠,古装",4,2020-12-24 20:27:01
2663929582,金光御九界之魆妖纪,2017 / 中国台湾 / 武侠 古装 / 李建忠 王钟庆 / 廖昭忠 陈柏仲,https://img9.doubanio.com/view/photo/m_ratio_poster/public/p2449597693.jpg,2017-03-22(中国台湾),https://movie.douban.com/subject/26992111/,7.4,"武侠,古装",3.5,2020-12-07 20:26:41
2663928990,金光御九界之东皇战影,2016 / 中国台湾 / 动画 奇幻 武侠 / 黄立纲,https://img9.doubanio.com/view/photo/m_ratio_poster/public/p2354134669.jpg,2016-05-25(中国台湾),https://movie.douban.com/subject/26789887/,7.6,"动画,奇幻,武侠",4,2020-11-21 20:26:21
2663928530,金光御九界之墨邪录,2015 / 中国台湾 / 奇幻 武侠 古装 / 黄立纲,https://img9.doubanio.com/view/photo/m_ratio_poster/public/p2293132454.jpg,2015-12-16,https://movie.douban.com/subject/26677955/,8.8,"奇幻,武侠,古装",4.5,2020-11-04 20:26:05
2663928068,金光御九界之墨世佛劫,2015 / 中国台湾 / 动画 奇幻 / 黄立纲,https://img9.doubanio.com/view/photo/m_ratio_poster/public/p2238359630.jpg,2015-04-22,https://movie.douban.com/subject/26365524/,9.4,"动画,奇幻",4.5,2020-10-28 20:25:51
2663927603,金光御九界之墨武侠锋,2014 / 中国台湾 / 奇幻 武侠 古装 / 周俊豪 王钟庆 黄立纲,https://img9.doubanio.com/view/photo/m_ratio_poster/public/p2196184350.jpg,2014-09-03,https://movie.douban.com/subject/25960764/,9.3,"奇幻,武侠,古装",4.5,2020-10-20 20:25:51
,《面试》中文版 INTERVIEW,,https://img9.doubanio.com/pview/drama_subject_poster/median/public/9c2e879d710c176.jpg,,https://www.douban.com/location/drama/34891317/,,,,2020-10-18 14:22:33
2663927063,天地风云录之魔戮血战,2014 / 中国台湾 / 奇幻 武侠 / 黃立綱,https://img9.doubanio.com/view/photo/m_ratio_poster/public/p2166569170.jpg,2014-01-15,https://movie.douban.com/subject/25806715/,9.3,"奇幻,武侠",4.5,2020-10-07 20:25:51
2663926232,天地风云录之剑影魔踪,2013 / 中国台湾 / 剧情 奇幻 武侠 / 黃立綱,https://img9.doubanio.com/view/photo/m_ratio_poster/public/p2521190374.jpg,2013-08-28(中国台湾),https://movie.douban.com/subject/25453612/,9.4,"剧情,奇幻,武侠",4.5,2020-10-02 20:25:51
2550639431,姜子牙,2020 / 中国大陆 / 剧情 动画 奇幻 / 程腾 李炜 / 郑希 杨凝,https://img9.doubanio.com/view/photo/m_ratio_poster/public/p2621219978.jpg,2020-10-01(中国大陆),https://movie.douban.com/subject/25907124/,6.6,"剧情,动画,奇幻",3.5,2020-10-02 15:07:06
2663925305,天地风云录之九龙变,2012 / 中国台湾 / 奇幻 武侠 古装 / 黃立綱,https://img9.doubanio.com/view/photo/m_ratio_poster/public/p2508627866.jpg,2012-12-05,https://movie.douban.com/subject/20284982/,9.5,"奇幻,武侠,古装",4,2020-09-18 20:24:17
2498100006,半泽直树,2013 / 日本 / 剧情 / 福泽克雄 棚泽孝义 田中健太 / 堺雅人 上户彩,https://img9.doubanio.com/view/photo/m_ratio_poster/public/p2411814194.jpg,2013-07-07(日本),https://movie.douban.com/subject/24697949/,9.2,剧情,4.5,2020-08-19 10:51:22
,您拨打的电话已结婚,,https://dscdn.streetvoice.cn/media/uploads/%E8%AE%B8%E9%A3%9E2020%E5%85%A8%E5%9B%BD%E5%B7%A1%E6%BC%941.jpg,,https://dashi.streetvoice.cn/article/20200713/002/,,,,2020-08-15 18:00
1687715746,星际穿越,2014 / 美国 英国 加拿大 / 剧情 科幻 冒险 / 克里斯托弗·诺兰 / 马修·麦康纳 安妮·海瑟薇,https://img9.doubanio.com/view/photo/m_ratio_poster/public/p2614988097.jpg,2014-11-12(中国大陆),https://movie.douban.com/subject/1889243/,9.4,"剧情,科幻,冒险",4,2020-08-07 00:39:09
2427924495,魔女宅急便,1989 / 日本 / 动画 奇幻 冒险 / 宫崎骏 / 高山南 佐久间玲,https://img9.doubanio.com/view/photo/m_ratio_poster/public/p456676352.jpg,1989-07-29(日本),https://movie.douban.com/subject/1307811/,8.7,"动画,奇幻,冒险",4.5,2020-06-22 20:11:50
2425352629,深夜食堂,2009 / 日本 / 剧情 / 松冈锭司 山下敦弘 及川拓郎 / 小林薰 须藤理彩,https://img9.doubanio.com/view/photo/m_ratio_poster/public/p1584946881.jpg,2009-10-09(日本),https://movie.douban.com/subject/3991933/,9.2,剧情,4.5,2020-06-20 18:38:29
2423765980,驯龙高手,2010 / 美国 / 动画 奇幻 冒险 / 迪恩·德布洛斯 克里斯·桑德斯 / 杰伊·巴鲁切尔 杰拉德·巴特勒,https://img9.doubanio.com/view/photo/m_ratio_poster/public/p2210954024.jpg,2010-05-14(中国大陆),https://movie.douban.com/subject/2353023/,8.7,"动画,奇幻,冒险",4.5,2020-06-19 09:31:09
2404534744,别对映像研出手！,2020 / 日本 / 动画 / 汤浅政明 大雄男 山代风我 伊福觉志 井上圭介 藤仓拓也 野口花梨 本桥茉里 殿水敦子 佐佐木纯人 长屋诚志郎 五十岚祐贵 / 伊藤沙莉 松冈美里,https://img9.doubanio.com/view/photo/m_ratio_poster/public/p2584313356.jpg,2020-01-05(日本),https://movie.douban.com/subject/33438250/,9.4,动画,5,2020-06-01 00:57:03
1455780122,人生删除事务所,2018 / 日本 / 剧情 犯罪 / 泷本智行 常广丈太 / 山田孝之 菅田将晖,https://img9.doubanio.com/view/photo/m_ratio_poster/public/p2529175001.jpg,2018-07-27(日本),https://movie.douban.com/subject/30232260/,8.6,"剧情,犯罪",4.5,2020-06-01 00:56:03
2372607871,非自然死亡,2018 / 日本 / 剧情 悬疑 / 冢原亚由子 竹村谦太郎 村尾嘉昭 / 石原里美 井浦新,https://img9.doubanio.com/view/photo/m_ratio_poster/public/p2510604929.jpg,2018-01-12(日本),https://movie.douban.com/subject/27140017/,9.4,"剧情,悬疑",4.5,2020-05-05 17:09:30
2368411188,但是还有书籍,2019 / 中国大陆 / 纪录片 / 罗颖鸾 杨骊珠 王悦阳 郑苏杭 刘倩瑜 彭欣宇 林宸西 / 朱岳 俞国林,https://img9.doubanio.com/view/photo/m_ratio_poster/public/p2577256090.jpg,2019-12-11(中国大陆),https://movie.douban.com/subject/33418361/,9,纪录片,4.5,2020-05-02 16:53:25
1639043690,小森林 夏秋篇,2014 / 日本 / 剧情 / 森淳一 / 桥本爱 三浦贵大,https://img9.doubanio.com/view/photo/m_ratio_poster/public/p2564498893.jpg,2014-08-30(日本),https://movie.douban.com/subject/25814705/,9,剧情,4.5,2020-05-01 23:28:45
2347149844,异度侵入,2020 / 日本 / 科幻 动画 / 青木荣 碇谷敦 下平佑一 又贺大介 栗山贵行 久保田雄大 青柳隆平 / 津田健次郎 细谷佳正,https://img9.doubanio.com/view/photo/m_ratio_poster/public/p2584476257.jpg,2020-01-06(日本),https://movie.douban.com/subject/34456027/,9,"科幻,动画",4.5,2020-04-17 23:14:35
2346950997,哈利·波特与死亡圣器(下),2011 / 美国 英国 / 奇幻 冒险 / 大卫·叶茨 / 丹尼尔·雷德克里夫 艾玛·沃森,https://img9.doubanio.com/view/photo/m_ratio_poster/public/p917846733.jpg,2011-08-04(中国大陆),https://movie.douban.com/subject/3011235/,8.9,"奇幻,冒险",4.5,2020-02-17 21:21:20
2346947952,哈利·波特与死亡圣器(上),2010 / 英国 美国 / 奇幻 冒险 / 大卫·叶茨 / 丹尼尔·雷德克里夫 艾玛·沃森,https://img9.doubanio.com/view/photo/m_ratio_poster/public/p721429854.jpg,2010-11-19(中国大陆),https://movie.douban.com/subject/2051007/,8.5,"奇幻,冒险",4.5,2020-02-17 21:19:27
2346947126,哈利·波特与混血王子,2009 / 英国 美国 / 奇幻 冒险 / 大卫·叶茨 / 丹尼尔·雷德克里夫 艾玛·沃森,https://img9.doubanio.com/view/photo/m_ratio_poster/public/p1108070214.jpg,2009-07-15(中国大陆),https://movie.douban.com/subject/1433330/,8.2,"奇幻,冒险",4,2020-01-17 21:18:53
2346946639,哈利·波特与凤凰社,2007 / 英国 美国 / 奇幻 冒险 / 大卫·叶茨 / 丹尼尔·雷德克里夫 艾玛·沃森,https://img9.doubanio.com/view/photo/m_ratio_poster/public/p443403700.jpg,2007-08-10(中国大陆),https://movie.douban.com/subject/1457217/,8.4,"奇幻,冒险",4,2020-01-17 21:18:33
2346945724,哈利·波特与火焰杯,2005 / 英国 美国 / 悬疑 奇幻 冒险 / 迈克·内威尔 / 丹尼尔·雷德克里夫 艾玛·沃森,https://img9.doubanio.com/view/photo/m_ratio_poster/public/p735391084.jpg,2005-11-18(中国大陆),https://movie.douban.com/subject/1309055/,8.7,"悬疑,奇幻,冒险",4.5,2020-01-17 21:18:03
2346945052,哈利·波特与阿兹卡班的囚徒,2004 / 英国 美国 / 奇幻 冒险 / 阿方索·卡隆 / 丹尼尔·雷德克里夫 艾玛·沃森,https://img9.doubanio.com/view/photo/m_ratio_poster/public/p1910812549.jpg,2004-09-10(中国大陆),https://movie.douban.com/subject/1291544/,8.9,"奇幻,冒险",4.5,2020-01-17 21:17:36
2121341160,哈利·波特与密室,2002 / 英国 美国 / 奇幻 冒险 / 克里斯·哥伦布 / 丹尼尔·雷德克里夫 艾玛·沃森,https://img9.doubanio.com/view/photo/m_ratio_poster/public/p1082651990.jpg,2003-01-24(中国大陆),https://movie.douban.com/subject/1296996/,8.8,"奇幻,冒险",4.5,2020-01-05 15:25:46
2121340382,哈利·波特与魔法石,2001 / 美国 英国 / 奇幻 冒险 / 克里斯·哥伦布 / 丹尼尔·雷德克里夫 艾玛·沃森,https://img9.doubanio.com/view/photo/m_ratio_poster/public/p2614949805.jpg,2002-01-26(中国大陆),https://movie.douban.com/subject/1295038/,9.1,"奇幻,冒险",4.5,2020-01-05 15:25:13
2114377298,猫狗大战,2001 / 美国 澳大利亚 / 喜剧 动作 冒险 / 劳伦斯·哥特曼 / 杰夫·高布伦 伊丽莎白·帕金斯,https://img9.doubanio.com/view/photo/m_ratio_poster/public/p2525537693.jpg,2001-07-04(美国),https://movie.douban.com/subject/1305071/,6.9,"喜剧,动作,冒险",3.5,2020-01-01 19:06:31
2114153148,东京大饭店,2019 / 日本 / 剧情 / 冢原亚由子 / 木村拓哉 铃木京香,https://img9.doubanio.com/view/photo/m_ratio_poster/public/p2577941048.jpg,2019-10-20(日本),https://movie.douban.com/subject/33464695/,8.8,剧情,4.5,2020-01-01 16:37:23
2110366792,玩具总动员2,1999 / 美国 / 喜剧 动画 奇幻 / 约翰·拉塞特 艾什·布兰农 李·昂克里奇 / 汤姆·汉克斯 蒂姆·艾伦,https://img9.doubanio.com/view/photo/m_ratio_poster/public/p1283688673.jpg,1999-11-24(美国),https://movie.douban.com/subject/1291574/,8.4,"喜剧,动画,奇幻",4,2019-12-30 11:28:03
2098879210,玩具总动员,1995 / 美国 / 喜剧 动画 家庭 / 约翰·拉塞特 / 汤姆·汉克斯 蒂姆·艾伦,https://img9.doubanio.com/view/photo/m_ratio_poster/public/p2565956404.jpg,1995-11-22(美国),https://movie.douban.com/subject/1291575/,8.5,"喜剧,动画,家庭",4.5,2019-12-23 21:40:47
2095618644,飞屋环游记,2009 / 美国 / 剧情 喜剧 动画 / 彼特·道格特 鲍勃·彼德森 / 爱德华·阿斯纳 克里斯托弗·普卢默,https://img9.doubanio.com/view/photo/m_ratio_poster/public/p2363116942.jpg,2009-08-04(中国大陆),https://movie.douban.com/subject/2129039/,9.1,"剧情,喜剧,动画",4.5,2019-12-21 22:25:32
2089989626,昨日的美食,2019 / 日本 / 剧情 同性 家庭 / 中江和仁 野尻克己 片桐健滋 / 西岛秀俊 内野圣阳,https://img9.doubanio.com/view/photo/m_ratio_poster/public/p2553223074.jpg,2019-04-05(日本),https://movie.douban.com/subject/30442369/,8.8,"剧情,同性,家庭",4.5,2019-12-18 18:03:31
2073642482,穿越时空的少女,2006 / 日本 / 剧情 爱情 科幻 / 细田守 / 仲里依纱 石田卓也,https://img9.doubanio.com/view/photo/m_ratio_poster/public/p2079334286.jpg,2006-07-15(日本),https://movie.douban.com/subject/1937946/,8.6,"剧情,爱情,科幻",4.5,2019-12-07 15:19:32
2068118576,大叔之爱 第一季,2018 / 日本 / 喜剧 爱情 同性 / 瑠东东一郎 / 田中圭 吉田钢太郎,https://img9.doubanio.com/view/photo/m_ratio_poster/public/p2518060958.jpg,2018-04-21(日本),https://movie.douban.com/subject/30156023/,8.2,"喜剧,爱情,同性",4,2019-12-03 09:04:25
,杏仁豆腐心,,https://img3.doubanio.com/pview/drama_subject_poster/median/public/d105096331887dd.jpg,,https://www.douban.com/location/drama/30256059/,,,4,2019-11-24 18:00
2053371154,冰雪奇缘2,2019 / 美国 / 喜剧 动画 冒险 / 克里斯·巴克 珍妮弗·李 / 克里斯汀·贝尔 伊迪娜·门泽尔,https://img9.doubanio.com/view/photo/m_ratio_poster/public/p2572847101.jpg,2019-11-22(中国大陆),https://movie.douban.com/subject/25887288/,7,"喜剧,动画,冒险",3.5,2019-11-23 22:59:05
2052025401,吹响悠风号剧场版：想要传达的旋律,2017 / 日本 / 剧情 动画 / 石原立也 小川太一 / 黑泽朋世 朝井彩加,https://img9.doubanio.com/view/photo/m_ratio_poster/public/p2499628260.jpg,2017-09-30(日本),https://movie.douban.com/subject/26994755/,9.2,"剧情,动画",4.5,2019-11-23 00:10:25
2049237400,海上钢琴师,1998 / 意大利 / 剧情 音乐 / 朱塞佩·托纳多雷 / 蒂姆·罗斯 普路特·泰勒·文斯,https://img9.doubanio.com/view/photo/m_ratio_poster/public/p2574551676.jpg,2019-11-15(中国大陆),https://movie.douban.com/subject/1292001/,9.3,"剧情,音乐",5,2019-11-20 21:28:19
2017414013,致命女人 第一季,2019 / 美国 / 剧情 喜剧 犯罪 / 大卫·格罗斯曼 刘玉玲 马克·韦布 大卫·沃伦 伊丽莎白·艾伦 瓦莱丽·韦斯 道恩·威尔金森 / 刘玉玲 金妮弗·古德温,https://img9.doubanio.com/view/photo/m_ratio_poster/public/p2566967861.jpg,2019-07-21(洛杉矶LGBT电影节),https://movie.douban.com/subject/30401122/,9.4,"剧情,喜剧,犯罪",4.5,2019-10-27 21:12:33
,"
西尔维斯特·里维和他的朋友们：德语音乐剧明星音乐会",,https://img3.doubanio.com/pview/event_poster/large/public/09a5125055123d0.jpg,,https://www.douban.com/event/32366999/,,,5,2019-09-20 18:00
1951407769,阿拉丁,2019 / 美国 / 爱情 奇幻 冒险 / 盖·里奇 / 梅纳·玛索德 娜奥米·斯科特,https://img9.doubanio.com/view/photo/m_ratio_poster/public/p2553992741.jpg,2019-05-24(中国大陆),https://movie.douban.com/subject/26891256/,7.4,"爱情,奇幻,冒险",3.5,2019-09-13 20:18:43
1914847596,昨日奇迹,2019 / 英国 / 喜剧 奇幻 音乐 / 丹尼·博伊尔 / 希米什·帕特尔 莉莉·詹姆斯,https://img9.doubanio.com/view/photo/m_ratio_poster/public/p2561245949.jpg,2019-08-16(中国大陆),https://movie.douban.com/subject/30165034/,6.4,"喜剧,奇幻,音乐",3,2019-08-18 20:27:17
1914843186,送我上青云,2019 / 中国大陆 / 剧情 / 滕丛丛 / 姚晨 袁弘,https://img9.doubanio.com/view/photo/m_ratio_poster/public/p2565751382.jpg,2019-08-16(中国大陆),https://movie.douban.com/subject/27180759/,7,剧情,3.5,2019-08-18 20:24:47
,空中花园谋杀案,,https://img9.doubanio.com/pview/drama_subject_poster/median/public/67b95c56cd273c4.jpg,,https://www.douban.com/location/drama/10540049/,,,4,2019-08-18 14:22:33
,巴黎圣母院,,https://img2.doubanio.com/pview/drama_subject_poster/median/public/c32fd185109b8ae.jpg,,https://www.douban.com/location/drama/1765426/,,,4,2019-07-27 17:22:00
1867798268,第九区,2009 / 美国 新西兰 加拿大 南非 / 动作 剧情 科幻 / 尼尔·布洛姆坎普 / 沙尔托·科普雷 詹森·库伯,https://img9.doubanio.com/view/photo/m_ratio_poster/public/p1559469100.jpg,2009-11-27(中国大陆),https://movie.douban.com/subject/3006772/,8.3,"动作,剧情,科幻",4,2019-07-20 16:49:19
1864148421,大都会,1927 / 德国 / 剧情 科幻 / 弗里茨·朗 / 阿弗莱德·阿贝尔 古斯塔夫·佛力施,https://img9.doubanio.com/view/photo/m_ratio_poster/public/p906689323.jpg,1927-01-10,https://movie.douban.com/subject/1298107/,9.1,"剧情,科幻",4.5,2019-07-17 21:40:30
1862854191,哪吒之魔童降世,2019 / 中国大陆 / 剧情 喜剧 动画 / 饺子 / 吕艳婷 囧森瑟夫,https://img9.doubanio.com/view/photo/m_ratio_poster/public/p2563780504.jpg,2019-07-26(中国大陆),https://movie.douban.com/subject/26794435/,8.4,"剧情,喜剧,动画",1,2019-07-16 21:39:19
,一个美国人在巴黎,,https://img9.doubanio.com/pview/drama_subject_poster/median/public/17f8f3db753071e.jpg,,https://www.douban.com/location/drama/26284475/,,,4,2019-06-16 14:22:33
,叶甫盖尼 • 奥涅金,,https://img9.doubanio.com/pview/drama_subject_poster/median/public/5e6aa37b878d958.jpg,,https://www.douban.com/location/drama/26817945/,,,5,2019-05-11 14:22:33
,塞勒姆的女巫,,https://img9.doubanio.com/pview/drama_subject_poster/median/public/c3ff61687f189c4.jpg,,https://www.douban.com/location/drama/11593187/,,,4,2019-05-11 12:00
1781875999,大侦探皮卡丘,2019 / 美国 日本 英国 加拿大 / 喜剧 动画 奇幻 / 罗伯·莱特曼 / 瑞安·雷诺兹 贾斯蒂斯·史密斯,https://img9.doubanio.com/view/photo/m_ratio_poster/public/p2555538168.jpg,2019-05-10(中国大陆),https://movie.douban.com/subject/26835471/,6.4,"喜剧,动画,奇幻",3,2019-05-10 20:07:09
1774500830,复仇者联盟4：终局之战,2019 / 美国 / 剧情 动作 科幻 / 安东尼·罗素 乔·罗素 / 小罗伯特·唐尼 克里斯·埃文斯,https://img9.doubanio.com/view/photo/m_ratio_poster/public/p2552058346.jpg,2019-04-24(中国大陆),https://movie.douban.com/subject/26100958/,8.5,"剧情,动作,科幻",4.5,2019-05-03 19:46:20
,酗酒者莫非,,https://img9.doubanio.com/pview/drama_subject_poster/median/public/632670a284ac8cc.jpg,,https://www.douban.com/location/drama/26962706/,,,5,2019-04-14 14:22:33
1741942869,妖猫传,2017 / 中国大陆 日本 / 剧情 悬疑 奇幻 / 陈凯歌 / 黄轩 染谷将太,https://img9.doubanio.com/view/photo/m_ratio_poster/public/p2530249558.jpg,2017-12-22(中国大陆),https://movie.douban.com/subject/5350027/,6.9,"剧情,悬疑,奇幻",3.5,2019-04-05 18:44:50
,一个无政府主义者的意外死亡,,https://img9.doubanio.com/pview/drama_subject_poster/median/public/f4ea686f6877a6e.jpg,,https://www.douban.com/location/drama/10453692/,,,4,2019-03-24 14:22:33
,犹太城,,https://img9.doubanio.com/pview/drama_subject_poster/median/public/7e4b74594b5412e.jpg,,https://www.douban.com/location/drama/20381258/,,,4,2019-03-24 14:22:33
1508457802,胡桃夹子和四个王国,2018 / 美国 / 奇幻 冒险 / 拉斯·霍尔斯道姆 乔·庄斯顿 / 麦肯吉·弗依 摩根·弗里曼,https://img9.doubanio.com/view/photo/m_ratio_poster/public/p2537214991.jpg,2018-11-02(中国大陆),https://movie.douban.com/subject/26741061/,5.9,"奇幻,冒险",3,2019-03-11 23:05:29
1712326297,绿皮书,2018 / 美国 中国大陆 / 剧情 喜剧 传记 / 彼得·法雷里 / 维果·莫腾森 马赫沙拉·阿里,https://img9.doubanio.com/view/photo/m_ratio_poster/public/p2549177902.jpg,2019-03-01(中国大陆),https://movie.douban.com/subject/27060077/,8.9,"剧情,喜剧,传记",4.5,2019-03-11 14:26:24
1690632104,地球最后的夜晚,2018 / 中国大陆 法国 / 剧情 爱情 悬疑 / 毕赣 / 汤唯 黄觉,https://img9.doubanio.com/view/photo/m_ratio_poster/public/p2522256119.jpg,2018-12-31(中国大陆),https://movie.douban.com/subject/26633257/,6.9,"剧情,爱情,悬疑",3.5,2019-02-24 02:57:54
1687715746,星际穿越,2014 / 美国 英国 加拿大 / 剧情 科幻 冒险 / 克里斯托弗·诺兰 / 马修·麦康纳 安妮·海瑟薇,https://img9.doubanio.com/view/photo/m_ratio_poster/public/p2614988097.jpg,2014-11-12(中国大陆),https://movie.douban.com/subject/1889243/,9.4,"剧情,科幻,冒险",5,2019-02-23 00:39:09
1658940060,2001太空漫游,1968 / 英国 美国 / 科幻 惊悚 冒险 / 斯坦利·库布里克 / 凯尔·杜拉 加里·洛克伍德,https://img9.doubanio.com/view/photo/m_ratio_poster/public/p2560717825.jpg,1968-04-02(华盛顿首映),https://movie.douban.com/subject/1292226/,8.9,"科幻,惊悚,冒险",5,2019-02-06 23:46:42
1638038297,流浪地球,2019 / 中国大陆 / 科幻 冒险 灾难 / 郭帆 / 吴京 屈楚萧,https://img9.doubanio.com/view/photo/m_ratio_poster/public/p2545472803.jpg,2019-02-05(中国大陆),https://movie.douban.com/subject/26266893/,7.9,"科幻,冒险,灾难",4,2019-02-05 15:22:25
1639041788,波西米亚狂想曲,2018 / 英国 美国 / 剧情 传记 同性 / 布莱恩·辛格 / 拉米·马雷克 本·哈迪,https://img9.doubanio.com/view/photo/m_ratio_poster/public/p2549558913.jpg,2019-03-22(中国大陆),https://movie.douban.com/subject/5300054/,8.6,"剧情,传记,同性",4.5,2019-01-24 01:13:14
1623477150,无名之辈,2018 / 中国大陆 / 剧情 喜剧 / 饶晓志 / 陈建斌 任素汐,https://img9.doubanio.com/view/photo/m_ratio_poster/public/p2539661066.jpg,2018-11-16(中国大陆),https://movie.douban.com/subject/27110296/,8,"剧情,喜剧",4,2019-01-11 23:03:24
1603320018,帕丁顿熊2,2017 / 英国 法国 美国 / 喜剧 动画 家庭 / 保罗·金 / 本·卫肖 休·格兰特,https://img9.doubanio.com/view/photo/m_ratio_poster/public/p2506466229.jpg,2017-12-08(中国大陆),https://movie.douban.com/subject/26340419/,8,"喜剧,动画,家庭",5,2018-12-31 15:34:57
1598101160,无双,2018 / 中国大陆 中国香港 / 剧情 动作 犯罪 / 庄文强 / 周润发 郭富城,https://img9.doubanio.com/view/photo/m_ratio_poster/public/p2535260806.jpg,2018-09-30(中国大陆),https://movie.douban.com/subject/26425063/,8,"剧情,动作,犯罪",4,2018-12-28 23:31:01
1590843654,昭和元禄落语心中,2016 / 日本 / 剧情 动画 / 畠山守 木村延景 赤城博昭 浅利藤彰 竹下健一 久保太郎 村田尚树 园田雅裕 中村近世 牧野友映 上野史博 阿部达也 / 石田彰 山寺宏一,https://img9.doubanio.com/view/photo/m_ratio_poster/public/p2524998570.jpg,2016-01-08(日本),https://movie.douban.com/subject/26277363/,9.4,"剧情,动画",5,2018-12-25 14:16:03
1588501786,流浪猫鲍勃,2016 / 英国 / 剧情 喜剧 传记 / 罗杰·斯波蒂斯伍德 / 卢克·崔德威 猫鲍勃,https://img9.doubanio.com/view/photo/m_ratio_poster/public/p2535524955.jpg,2018-11-02(中国大陆),https://movie.douban.com/subject/26685451/,7.9,"剧情,喜剧,传记",4,2018-12-23 23:59:18
,近乎正常,,https://img9.doubanio.com/pview/event_poster/large/public/f6969b7ce648bb9.jpg,,https://www.douban.com/event/31495162/,,,4,2018-11-29 18:00
1532206020,神奇动物：格林德沃之罪,2018 / 美国 英国 / 奇幻 冒险 / 大卫·叶茨 / 埃迪·雷德梅恩 凯瑟琳·沃特斯顿,https://img9.doubanio.com/view/photo/m_ratio_poster/public/p2538826177.jpg,2018-11-16(中国大陆),https://movie.douban.com/subject/26147417/,7,"奇幻,冒险",3.5,2018-11-23 07:55:00
1507141152,小姐,2016 / 韩国 / 剧情 悬疑 情色 / 朴赞郁 / 金敏喜 金泰梨,https://img9.doubanio.com/view/photo/m_ratio_poster/public/p2355555424.jpg,2016-05-14(戛纳电影节),https://movie.douban.com/subject/25977027/,8.4,"剧情,悬疑,情色",5,2018-10-30 15:28:44
1492327134,快乐王子,2018 / 英国 比利时 意大利 德国 / 剧情 传记 同性 / 鲁伯特·艾弗雷特 / 鲁伯特·艾弗雷特 科林·费尔斯,https://img9.doubanio.com/view/photo/m_ratio_poster/public/p2510857223.jpg,2018-01-21(圣丹斯电影节),https://movie.douban.com/subject/11524958/,7.3,"剧情,传记,同性",3.5,2018-10-14 22:18:39
1493351354,火星救援,2015 / 英国 美国 匈牙利 约旦 / 剧情 科幻 冒险 / 雷德利·斯科特 / 马特·达蒙 杰西卡·查斯坦,https://img9.doubanio.com/view/photo/m_ratio_poster/public/p2280097442.jpg,2015-11-25(中国大陆),https://movie.douban.com/subject/25864085/,8.5,"剧情,科幻,冒险",4,2018-10-13 23:50:08
1485450923,色，戒,2007 / 中国台湾 中国大陆 美国 中国香港 / 剧情 爱情 情色 / 李安 / 梁朝伟 汤唯,https://img9.doubanio.com/view/photo/m_ratio_poster/public/p453716305.jpg,2007-11-01(中国大陆),https://movie.douban.com/subject/1828115/,8.6,"剧情,爱情,情色",5,2018-10-06 21:34:32
,法语音乐剧版音乐会《悲惨世界》,,https://img9.doubanio.com/pview/event_poster/large/public/13b44acbd84d6c0.jpg,,https://www.douban.com/event/30456756/,,,4,2018-09-30 18:00
1479884053,芝加哥,2002 / 美国 德国 / 喜剧 歌舞 犯罪 / 罗伯·马歇尔 / 泰雅·迪格斯 凯瑟琳·泽塔-琼斯,https://img9.doubanio.com/view/photo/m_ratio_poster/public/p2454020352.jpg,2002-12-27(美国),https://movie.douban.com/subject/1307697/,8.9,"喜剧,歌舞,犯罪",4,2018-09-29 16:13:08
1455780012,碟中谍6：全面瓦解,2018 / 美国 中国大陆 法国 挪威 英国 / 动作 惊悚 冒险 / 克里斯托弗·麦奎里 / 汤姆·克鲁斯 亨利·卡维尔,https://img9.doubanio.com/view/photo/m_ratio_poster/public/p2529365085.jpg,2018-08-31(中国大陆),https://movie.douban.com/subject/26336252/,8.1,"动作,惊悚,冒险",4,2018-09-17 22:25:14
1463985762,歌舞青春,2006 / 美国 / 剧情 喜剧 / 肯尼·奥特加 / 扎克·埃夫隆 凡妮莎·哈金斯,https://img9.doubanio.com/view/photo/m_ratio_poster/public/p2567963309.jpg,2006-01-20(美国),https://movie.douban.com/subject/1765009/,7.7,"剧情,喜剧",4,2018-09-09 21:44:32
1458068894,雷神,2011 / 美国 / 动作 奇幻 冒险 / 肯尼思·布拉纳 / 克里斯·海姆斯沃斯 娜塔莉·波特曼,https://img9.doubanio.com/view/photo/m_ratio_poster/public/p956098719.jpg,2011-05-08(中国大陆),https://movie.douban.com/subject/1866471/,7.1,"动作,奇幻,冒险",3.5,2018-09-02 22:46:16
1454683049,蚁人2：黄蜂女现身,2018 / 美国 / 动作 科幻 冒险 / 佩顿·里德 / 保罗·路德 伊万杰琳·莉莉,https://img9.doubanio.com/view/photo/m_ratio_poster/public/p2529389608.jpg,2018-08-24(中国大陆),https://movie.douban.com/subject/26636712/,7.3,"动作,科幻,冒险",3.5,2018-08-30 14:58:53
1443036786,一出好戏,2018 / 中国大陆 / 剧情 喜剧 / 黄渤 / 黄渤 舒淇,https://img9.doubanio.com/view/photo/m_ratio_poster/public/p2529571873.jpg,2018-08-10(中国大陆),https://movie.douban.com/subject/26985127/,7.1,"剧情,喜剧",3.5,2018-08-19 18:45:24
1434952705,深夜小狗离奇事件,2012 / 英国 / 剧情 喜剧 冒险 / Marianne Elliott / 卢克·崔德威 Luke Treadaway Niamh Cusack,https://img9.doubanio.com/view/photo/m_ratio_poster/public/p2091465967.jpg,2012-08-02,https://movie.douban.com/subject/25698399/,9,"剧情,喜剧,冒险",4.5,2018-08-13 08:06:52
1434211650,威尼斯商人,2016 / 英国 / 喜剧 / Jonathan Munby / 乔纳森·普雷斯,https://img9.doubanio.com/view/photo/m_ratio_poster/public/p2524744994.jpg,2016-04-23(英国),https://movie.douban.com/subject/30246422/,9.2,喜剧,4.5,2018-08-12 15:37:17
,Laurent Ban音乐会,,https://img9.doubanio.com/pview/event_poster/large/public/fb3089754f28cd1.jpg,,https://www.douban.com/event/30823251/,,,4,2018-08-11 18:00
,Damien Sargue音乐会,,https://img9.doubanio.com/pview/event_poster/large/public/4e11511895fee68.jpg,,https://www.douban.com/event/30823289/,,,4,2018-08-11 12:00
1429482233,小偷家族,2018 / 日本 / 剧情 犯罪 家庭 / 是枝裕和 / 中川雅也 安藤樱,https://img9.doubanio.com/view/photo/m_ratio_poster/public/p2530599636.jpg,2018-08-03(中国大陆),https://movie.douban.com/subject/27622447/,8.7,"剧情,犯罪,家庭",4.5,2018-08-07 22:44:42
1426747020,风语咒,2018 / 中国大陆 / 动画 奇幻 / 刘阔 / 路知行 阎萌萌,https://img9.doubanio.com/view/photo/m_ratio_poster/public/p2530872223.jpg,2018-08-03(中国大陆),https://movie.douban.com/subject/30146756/,6.8,"动画,奇幻",3.5,2018-08-05 00:04:48
1403616413,我不是药神,2018 / 中国大陆 / 剧情 喜剧 / 文牧野 / 徐峥 王传君,https://img9.doubanio.com/view/photo/m_ratio_poster/public/p2561305376.jpg,2018-07-05(中国大陆),https://movie.douban.com/subject/26752088/,9,"剧情,喜剧",4.5,2018-07-10 22:07:13
1398370742,侏罗纪世界2,2018 / 美国 / 动作 科幻 冒险 / J·A·巴亚纳 / 克里斯·帕拉特 布莱丝·达拉斯·霍华德,https://img9.doubanio.com/view/photo/m_ratio_poster/public/p2522069454.jpg,2018-06-15(中国大陆),https://movie.douban.com/subject/26416062/,6.7,"动作,科幻,冒险",3.5,2018-07-02 10:51:18
1396900265,回到未来,1985 / 美国 / 喜剧 科幻 冒险 / 罗伯特·泽米吉斯 / 迈克尔·J·福克斯 克里斯托弗·洛伊德,https://img9.doubanio.com/view/photo/m_ratio_poster/public/p475872903.jpg,1985-07-03(美国),https://movie.douban.com/subject/1300555/,8.7,"喜剧,科幻,冒险",4.5,2018-06-29 17:44:17
1394660500,三块广告牌,2017 / 美国 英国 / 剧情 犯罪 / 马丁·麦克唐纳 / 弗兰西斯·麦克多蒙德 伍迪·哈里森,https://img9.doubanio.com/view/photo/m_ratio_poster/public/p2510081688.jpg,2018-03-02(中国大陆),https://movie.douban.com/subject/26611804/,8.7,"剧情,犯罪",4.5,2018-06-24 21:02:21
1386240182,厕所英雄,2017 / 印度 / 剧情 喜剧 / 什里·那拉扬·辛 / 阿克谢·库玛尔 阿努潘·凯尔,https://img9.doubanio.com/view/photo/m_ratio_poster/public/p2523632248.jpg,2018-06-08(中国大陆),https://movie.douban.com/subject/26942645/,7.1,"剧情,喜剧",3.5,2018-06-08 20:56:40
1383293275,完美陌生人,2016 / 意大利 / 剧情 喜剧 / 保罗·杰诺维塞 / 马可·贾利尼 卡夏·斯穆特尼亚克,https://img9.doubanio.com/view/photo/m_ratio_poster/public/p2522331945.jpg,2018-05-25(中国大陆),https://movie.douban.com/subject/26614893/,8.5,"剧情,喜剧",4.5,2018-06-02 20:57:16
,Florent Mothe个人演唱会,,https://drive.mantyke.icu/api/v3/file/get/3130/6Mu3NTWA_4x.jpg?sign=AcFUMfX6819bAeqltIEEUNrBWCptUA-4eVNnY_8z0wk%3D%3A0,,https://mp.weixin.qq.com/s?__biz=MjM5NjIwMzM2Mg==&mid=2654905859&idx=1&sn=bc2b9f4092cba9dcd1f852da85b59fc2&chks,8,,5,2018-05-40 19:02:09
1379856891,游侠索罗：星球大战外传,2018 / 美国 / 动作 科幻 冒险 / 朗·霍华德 / 阿尔登·埃伦瑞奇 艾米莉亚·克拉克,https://img9.doubanio.com/view/photo/m_ratio_poster/public/p2521436880.jpg,2018-05-25(中国大陆),https://movie.douban.com/subject/25900947/,6.8,"动作,科幻,冒险",3.5,2018-05-26 22:00:27
1378744668,指环王1：护戒使者,2001 / 新西兰 美国 / 剧情 动作 奇幻 / 彼得·杰克逊 / 伊利亚·伍德 西恩·奥斯汀,https://img9.doubanio.com/view/photo/m_ratio_poster/public/p2373910134.jpg,2002-04-04(中国大陆),https://movie.douban.com/subject/1291571/,9.1,"剧情,动作,奇幻",4.5,2018-05-24 20:06:12
1372990499,复仇者联盟3：无限战争,2018 / 美国 / 动作 科幻 奇幻 / 安东尼·罗素 乔·罗素 / 小罗伯特·唐尼 克里斯·海姆斯沃斯,https://img9.doubanio.com/view/photo/m_ratio_poster/public/p2517753454.jpg,2018-05-11(中国大陆),https://movie.douban.com/subject/24773958/,8.1,"动作,科幻,奇幻",4,2018-05-13 17:11:32
,Miflo 2018上海上汽文化广场音乐会,,https://drive.mantyke.icu/api/v3/file/get/3128/O1CN011SaCfY22YVDUz4wkK_!!65477132.jpg?sign=PY3NUSXlPwzTkCzGUjQ5XHjE0HR-735iEwzUl_Ctb28%3D%3A0,,https://mp.weixin.qq.com/s?__biz=MjM5NjIwMzM2Mg==&mid=2654905859&idx=1&sn=bc2b9f4092cba9dcd1f852da85b59fc2&chks,,,5,2018-04-30 14:22:22
,罗密欧与朱丽叶,,https://img9.doubanio.com/pview/event_poster/large/public/07a0b4c25ebaee6.jpg,,https://www.douban.com/event/17569365/,,,5,2018-04-29 14:22:22
1348640399,水形物语,2017 / 美国 加拿大 墨西哥 / 剧情 爱情 奇幻 / 吉尔莫·德尔·托罗 / 莎莉·霍金斯 道格·琼斯,https://img9.doubanio.com/view/photo/m_ratio_poster/public/p2506388632.jpg,2018-03-16(中国大陆),https://movie.douban.com/subject/26752852/,7.2,"剧情,爱情,奇幻",3.5,2018-03-28 19:02:09
1324025394,迷失东京,2003 / 美国 日本 / 剧情 爱情 / 索菲亚·科波拉 / 斯嘉丽·约翰逊 比尔·默瑞,https://img9.doubanio.com/view/photo/m_ratio_poster/public/p492754135.jpg,2003-08-29(特柳赖德电影节),https://movie.douban.com/subject/1291835/,7.8,"剧情,爱情",4,2018-02-14 19:00:21
1319207254,马戏之王,2017 / 美国 / 剧情 传记 歌舞 / 迈克尔·格雷西 / 休·杰克曼 米歇尔·威廉姆斯,https://img9.doubanio.com/view/photo/m_ratio_poster/public/p2511346392.jpg,2018-02-01(中国大陆),https://movie.douban.com/subject/3914513/,7.7,"剧情,传记,歌舞",5,2018-02-05 23:00:52
1318378158,迷情记,2017 / 英国 / 剧情 / 伊沃·冯·霍夫 / 裘德·洛 罗伯特·德·霍格,https://img9.doubanio.com/view/photo/m_ratio_poster/public/p2455728944.jpg,2017-05-11,https://movie.douban.com/subject/26994999/,6.6,剧情,3.5,2018-02-04 17:22:45
1318377965,莫扎特传,2017 / 英国 / 剧情 / Michael Longhurst / Adam Gillen Lucian Msamati,https://img9.doubanio.com/view/photo/m_ratio_poster/public/p2445767050.jpg,2017-02-02(英国),https://movie.douban.com/subject/26994791/,8.6,剧情,5,2018-02-04 17:22:21
,不眠之夜 SLEEP NO MORE,,https://img9.doubanio.com/pview/event_poster/large/public/258e576f0d2ec50.jpg,,https://www.douban.com/event/31941188/,,,4,2018-02-04 17:22:00
,Mark Seibert个人音乐会,,https://img9.doubanio.com/pview/event_poster/large/public/61f7ef250c26a3b.jpg,,https://www.douban.com/event/29676049/,,,4,2018-02-03 17:22:00
,Oedo Kuipers 个人音乐会,,https://img9.doubanio.com/pview/event_poster/large/public/e42b903bcb243d6.jpg,,https://www.douban.com/event/29631921/,,,4,2018-02-03  14:22:33
1316736722,神秘巨星,2017 / 印度 / 剧情 音乐 / 阿德瓦·香登 / 塞伊拉·沃西 梅·维贾,https://img9.doubanio.com/view/photo/m_ratio_poster/public/p2508925590.jpg,2018-01-19(中国大陆),https://movie.douban.com/subject/26942674/,7.7,"剧情,音乐",4,2018-02-01 19:11:22
1313619765,奇迹男孩,2017 / 美国 中国香港 / 剧情 儿童 家庭 / 斯蒂芬·卓博斯基 / 雅各布·特伦布莱 朱莉娅·罗伯茨,https://img9.doubanio.com/view/photo/m_ratio_poster/public/p2507709428.jpg,2018-01-19(中国大陆),https://movie.douban.com/subject/26787574/,8.6,"剧情,儿童,家庭",4.5,2018-01-27 13:05:48
,摇滚莫扎特,,https://img9.doubanio.com/pview/event_poster/large/public/3b0c7a84a0d38ba.jpg,,https://www.douban.com/event/31263883/,,,5,2018-01-06 17:22:00
1296400487,芳华,2017 / 中国大陆 / 剧情 历史 战争 / 冯小刚 / 黄轩 苗苗,https://img9.doubanio.com/view/photo/m_ratio_poster/public/p2507227732.jpg,2017-12-15(中国大陆),https://movie.douban.com/subject/26862829/,7.7,"剧情,历史,战争",4,2017-12-30 19:41:41
1289483478,速度与激情8,2017 / 中国大陆 美国 日本 / 动作 犯罪 / F·加里·格雷 / 范·迪塞尔 杰森·斯坦森,https://img9.doubanio.com/view/photo/m_ratio_poster/public/p2444256500.jpg,2017-04-14(中国大陆),https://movie.douban.com/subject/26260853/,7.1,"动作,犯罪",3.5,2017-12-20 14:39:49
1289483069,天空之眼,2015 / 英国 加拿大 / 剧情 战争 / 加文·胡德 / 海伦·米伦 亚伦·保尔,https://img9.doubanio.com/view/photo/m_ratio_poster/public/p2306322545.jpg,2017-01-13(中国大陆),https://movie.douban.com/subject/10484117/,7.8,"剧情,战争",4,2017-12-20 14:39:07
1289482600,爱乐之城,2016 / 美国 / 剧情 爱情 歌舞 / 达米恩·查泽雷 / 瑞恩·高斯林 艾玛·斯通,https://img9.doubanio.com/view/photo/m_ratio_poster/public/p2395517414.jpg,2017-02-14(中国大陆),https://movie.douban.com/subject/25934014/,8.4,"剧情,爱情,歌舞",5,2017-12-20 14:38:18
1289479152,战狼2,2017 / 中国大陆 / 动作 战争 / 吴京 / 吴京 弗兰克·格里罗,https://img9.doubanio.com/view/photo/m_ratio_poster/public/p2494701965.jpg,2017-07-27(中国大陆),https://movie.douban.com/subject/26363254/,7.1,"动作,战争",3.5,2017-12-20 14:32:12
1289478700,魔发奇缘,2010 / 美国 / 喜剧 动画 冒险 / 内森·格雷诺 拜伦·霍华德 / 曼迪·摩尔 扎克瑞·莱维,https://img9.doubanio.com/view/photo/m_ratio_poster/public/p707509468.jpg,2011-02-03(中国台湾),https://movie.douban.com/subject/1863766/,8.3,"喜剧,动画,冒险",4,2017-12-20 14:31:27
1289478374,记忆大师,2017 / 中国大陆 / 悬疑 惊悚 / 陈正道 / 黄渤 段奕宏,https://img9.doubanio.com/view/photo/m_ratio_poster/public/p2455156816.jpg,2017-04-28(中国大陆),https://movie.douban.com/subject/25884801/,7.1,"悬疑,惊悚",3.5,2017-12-20 14:30:55
1289478202,西游伏妖篇,2017 / 中国大陆 中国香港 / 喜剧 动作 奇幻 / 徐克 / 吴亦凡 林更新,https://img9.doubanio.com/view/photo/m_ratio_poster/public/p2411953504.jpg,2017-01-28(中国大陆),https://movie.douban.com/subject/25801066/,5.5,"喜剧,动作,奇幻",1,2017-12-20 14:30:38
1289477677,美女与野兽,2017 / 美国 / 爱情 奇幻 歌舞 / 比尔·康顿 / 艾玛·沃森 丹·史蒂文斯,https://img9.doubanio.com/view/photo/m_ratio_poster/public/p2417948644.jpg,2017-03-17(中国大陆),https://movie.douban.com/subject/25900945/,7.1,"爱情,奇幻,歌舞",5,2017-12-20 14:29:41
1289477269,降临,2016 / 美国 加拿大 / 剧情 科幻 / 丹尼斯·维伦纽瓦 / 艾米·亚当斯 杰瑞米·雷纳,https://img9.doubanio.com/view/photo/m_ratio_poster/public/p2411622421.jpg,2017-01-20(中国大陆),https://movie.douban.com/subject/21324900/,7.8,"剧情,科幻",4,2017-12-20 14:29:00
1289476899,加勒比海盗5：死无对证,2017 / 美国 / 动作 奇幻 冒险 / 艾斯彭·山德伯格 乔阿吉姆·罗恩尼 / 约翰尼·德普 布伦顿·思韦茨,https://img9.doubanio.com/view/photo/m_ratio_poster/public/p2459723975.jpg,2017-05-26(中国大陆),https://movie.douban.com/subject/6311303/,7.2,"动作,奇幻,冒险",3.5,2017-12-20 14:28:23
1289476587,银翼杀手2049,2017 / 美国 英国 加拿大 匈牙利 西班牙 墨西哥 / 剧情 动作 科幻 / 丹尼斯·维伦纽瓦 / 瑞恩·高斯林 哈里森·福特,https://img9.doubanio.com/view/photo/m_ratio_poster/public/p2501864539.jpg,2017-10-27(中国大陆),https://movie.douban.com/subject/10512661/,8.3,"剧情,动作,科幻",5,2017-12-20 14:27:50
1289476183,王牌特工2：黄金圈,2017 / 英国 美国 / 喜剧 动作 冒险 / 马修·沃恩 / 塔伦·埃哲顿 科林·费尔斯,https://img9.doubanio.com/view/photo/m_ratio_poster/public/p2499792043.jpg,2017-10-20(中国大陆),https://movie.douban.com/subject/26378579/,6.8,"喜剧,动作,冒险",3.5,2017-12-20 14:27:04
1289475804,神奇女侠,2017 / 美国 中国大陆 中国香港 / 动作 奇幻 冒险 / 派蒂·杰金斯 / 盖尔·加朵 克里斯·派恩,https://img9.doubanio.com/view/photo/m_ratio_poster/public/p2460006593.jpg,2017-06-02(中国大陆),https://movie.douban.com/subject/1578714/,7.1,"动作,奇幻,冒险",3.5,2017-12-20 14:26:25
1289475627,金刚狼3：殊死一战,2017 / 美国 / 剧情 动作 科幻 / 詹姆斯·曼高德 / 休·杰克曼 帕特里克·斯图尔特,https://img9.doubanio.com/view/photo/m_ratio_poster/public/p2431980130.jpg,2017-03-03(中国大陆),https://movie.douban.com/subject/25765735/,8.3,"剧情,动作,科幻",4,2017-12-20 14:26:03
1289475540,金刚：骷髅岛,2017 / 美国 中国大陆 / 动作 奇幻 冒险 / 乔丹·沃格特-罗伯茨 / 汤姆·希德勒斯顿 塞缪尔·杰克逊,https://img9.doubanio.com/view/photo/m_ratio_poster/public/p2436030518.jpg,2017-03-24(中国大陆),https://movie.douban.com/subject/26309788/,6.5,"动作,奇幻,冒险",3.5,2017-12-20 14:25:54
1289475407,敦刻尔克,2017 / 英国 法国 美国 荷兰 / 剧情 历史 战争 / 克里斯托弗·诺兰 / 菲恩·怀特海德 汤姆·格林-卡尼,https://img9.doubanio.com/view/photo/m_ratio_poster/public/p2494950714.jpg,2017-09-01(中国大陆),https://movie.douban.com/subject/26607693/,8.4,"剧情,历史,战争",4,2017-12-20 14:25:40
1289475133,东方快车谋杀案,2017 / 马耳他 美国 / 剧情 犯罪 悬疑 / 肯尼思·布拉纳 / 肯尼思·布拉纳 汤姆·巴特曼,https://img9.doubanio.com/view/photo/m_ratio_poster/public/p2502165084.jpg,2017-11-10(中国大陆),https://movie.douban.com/subject/25790761/,6.8,"剧情,犯罪,悬疑",3.5,2017-12-20 14:25:07
1289474939,摔跤吧！爸爸,2016 / 印度 / 剧情 传记 运动 / 涅提·蒂瓦里 / 阿米尔·汗 法缇玛·萨那·纱卡,https://img9.doubanio.com/view/photo/m_ratio_poster/public/p2401676338.jpg,2017-05-05(中国大陆),https://movie.douban.com/subject/26387939/,9,"剧情,传记,运动",4.5,2017-12-20 14:24:47
1289474682,正义联盟,2017 / 美国 / 动作 科幻 奇幻 / 扎克·施奈德 / 本·阿弗莱克 亨利·卡维尔,https://img9.doubanio.com/view/photo/m_ratio_poster/public/p2504027804.jpg,2017-11-17(中国大陆),https://movie.douban.com/subject/2158490/,6.3,"动作,科幻,奇幻",3,2017-12-20 14:24:16
1289474450,二十二,2015 / 中国大陆 / 纪录片 / 郭柯,https://img9.doubanio.com/view/photo/m_ratio_poster/public/p2457609817.jpg,2017-08-14(中国大陆),https://movie.douban.com/subject/26430107/,8.7,纪录片,4.5,2017-12-20 14:23:47
1289474316,大护法,2017 / 中国大陆 / 喜剧 动画 奇幻 / 不思凡 / 小连杀 图特哈蒙,https://img9.doubanio.com/view/photo/m_ratio_poster/public/p2490948849.jpg,2017-07-13(中国大陆),https://movie.douban.com/subject/26811587/,7.8,"喜剧,动画,奇幻",4,2017-12-20 14:23:32
1289474127,一条狗的使命,2017 / 美国 / 剧情 喜剧 家庭 / 拉斯·霍尔斯道姆 / 乔什·加德 布丽特·罗伯森,https://img9.doubanio.com/view/photo/m_ratio_poster/public/p2432493858.jpg,2017-03-03(中国大陆),https://movie.douban.com/subject/6873143/,7.7,"剧情,喜剧,家庭",4,2017-12-20 14:23:11
1289474006,看不见的客人,2016 / 西班牙 / 剧情 犯罪 悬疑 / 奥里奥尔·保罗 / 马里奥·卡萨斯 阿娜·瓦格纳,https://img9.doubanio.com/pview/event_poster/large/public/613a636f8e3969f.jpg,2017-09-15(中国大陆),https://movie.douban.com/subject/26580232/,8.8,"剧情,犯罪,悬疑",4.5,2017-12-20 14:22:57
1289473804,天才枪手,2017 / 泰国 / 剧情 犯罪 悬疑 / 纳塔吾·彭皮里亚 / 茱蒂蒙·琼查容苏因 查侬·散顶腾古,https://img9.doubanio.com/view/photo/m_ratio_poster/public/p2501863104.jpg,2017-10-13(中国大陆),https://movie.douban.com/subject/27024903/,8.2,"剧情,犯罪,悬疑",4,2017-12-20 14:22:33
,疯狂花店,,https://img9.doubanio.com/pview/drama_subject_poster/median/public/309ffadfddc4f47.jpg,,https://www.douban.com/location/drama/11511026/,,,4,2017-12-09 17:22:00
,法语音乐剧明星集锦音乐会,,https://img9.doubanio.com/pview/event_poster/large/public/7ef58f2ac2a5803.jpg,,https://www.douban.com/event/28954775/,,,5,2017-12-09 14:22:33
,谋杀歌谣,,https://img9.doubanio.com/pview/event_poster/large/public/613a636f8e3969f.jpg,,https://www.douban.com/event/28909105/,,,4,2017-12-09 14:22:33
1289474594,寻梦环游记,2017 / 美国 / 喜剧 动画 奇幻 / 李·昂克里奇 阿德里安·莫利纳 / 安东尼·冈萨雷斯 盖尔·加西亚·贝纳尔,https://img9.doubanio.com/view/photo/m_ratio_poster/public/p2614500706.jpg,2017-11-24(中国大陆),https://movie.douban.com/subject/20495023/,9.1,"喜剧,动画,奇幻",5,2017-11-20 14:24:05
,魔法坏女巫,,https://img9.doubanio.com/pview/drama_subject_poster/median/public/36ec3e725fdbd38.jpg,,https://www.douban.com/location/drama/10944608/,,,4,2017-05-10 14:22:33
1289482768,奇幻森林,2016 / 英国 美国 / 剧情 奇幻 冒险 / 乔恩·费儒 / 尼尔·塞西 比尔·默瑞,https://img9.doubanio.com/view/photo/m_ratio_poster/public/p2326337223.jpg,2016-04-15(中国大陆),https://movie.douban.com/subject/25777636/,7.8,"剧情,奇幻,冒险",4,2016-12-20 14:38:36
1289482307,神奇动物在哪里,2016 / 英国 美国 / 剧情 奇幻 冒险 / 大卫·叶茨 / 埃迪·雷德梅恩 凯瑟琳·沃特斯顿,https://img9.doubanio.com/view/photo/m_ratio_poster/public/p2392444121.jpg,2016-11-25(中国大陆),https://movie.douban.com/subject/25726614/,7.7,"剧情,奇幻,冒险",4,2016-12-20 14:37:48
1289481576,海底总动员2：多莉去哪儿,2016 / 美国 / 喜剧 动画 冒险 / 安德鲁·斯坦顿 安格斯·麦克莱恩 / 艾伦·德杰尼勒斯 艾伯特·布鲁克斯,https://img9.doubanio.com/view/photo/m_ratio_poster/public/p2356015154.jpg,2016-06-17(中国大陆),https://movie.douban.com/subject/11524967/,7.6,"喜剧,动画,冒险",4,2016-12-20 14:36:31
1289480021,博物馆奇妙夜3,2014 / 美国 英国 / 喜剧 奇幻 冒险 / 肖恩·利维 / 本·斯蒂勒 罗宾·威廉姆斯,https://img9.doubanio.com/view/photo/m_ratio_poster/public/p2219665256.jpg,2015-01-04(中国大陆),https://movie.douban.com/subject/21349734/,7.2,"喜剧,奇幻,冒险",3.5,2016-12-20 14:33:44
1289479746,模仿游戏,2014 / 英国 美国 / 剧情 传记 战争 / 莫滕·泰杜姆 / 本尼迪克特·康伯巴奇 凯拉·奈特莉,https://img9.doubanio.com/view/photo/m_ratio_poster/public/p2255040492.jpg,2015-07-21(中国大陆),https://movie.douban.com/subject/10463953/,8.7,"剧情,传记,战争",4.5,2016-12-20 14:33:13
1289479597,海洋之歌,2014 / 爱尔兰 丹麦 比利时 卢森堡 法国 / 动画 奇幻 冒险 / 汤姆·摩尔 / 大卫·罗尔 布莱丹·格里森,https://img9.doubanio.com/view/photo/m_ratio_poster/public/p2360910487.jpg,2016-08-12(中国大陆),https://movie.douban.com/subject/11584019/,8.8,"动画,奇幻,冒险",4.5,2016-12-20 14:32:56
1289478866,绣春刀,2014 / 中国大陆 / 剧情 动作 武侠 / 路阳 / 张震 刘诗诗,https://img9.doubanio.com/view/photo/m_ratio_poster/public/p2194066391.jpg,2014-08-07(中国大陆),https://movie.douban.com/subject/24745500/,7.6,"剧情,动作,武侠",4,2016-12-20 14:31:43
1289478519,海洋奇缘,2016 / 美国 / 动画 奇幻 冒险 / 罗恩·克莱蒙兹 约翰·马斯克 唐·霍尔 克里斯·威廉姆斯 / 奥丽伊·卡瓦洛 道恩·强森,https://img9.doubanio.com/view/photo/m_ratio_poster/public/p2397960879.jpg,2016-11-25(中国大陆),https://movie.douban.com/subject/25793398/,7.5,"动画,奇幻,冒险",4,2016-12-20 14:31:10
1289478013,你的名字,2016 / 日本 / 剧情 爱情 动画 / 新海诚 / 神木隆之介 上白石萌音,https://img9.doubanio.com/view/photo/m_ratio_poster/public/p2395733377.jpg,2016-12-02(中国大陆),https://movie.douban.com/subject/26683290/,8.5,"剧情,爱情,动画",4.5,2016-12-20 14:30:17
1289477891,湄公河行动,2016 / 中国大陆 中国香港 / 剧情 动作 犯罪 / 林超贤 / 张涵予 彭于晏,https://img9.doubanio.com/view/photo/m_ratio_poster/public/p2380677316.jpg,2016-09-30(中国大陆),https://movie.douban.com/subject/25815034/,8,"剧情,动作,犯罪",3,2016-12-20 14:30:04
1289477434,疯狂动物城,2016 / 美国 / 喜剧 动画 冒险 / 拜伦·霍华德 瑞奇·摩尔 杰拉德·布什 / 金妮弗·古德温 杰森·贝特曼,https://img9.doubanio.com/view/photo/m_ratio_poster/public/p2614500649.jpg,2016-03-04(中国大陆),https://movie.douban.com/subject/25662329/,9.2,"喜剧,动画,冒险",4,2016-12-20 14:29:16
1289477122,爱丽丝梦游仙境2：镜中奇遇记,2016 / 美国 英国 / 奇幻 冒险 / 詹姆斯·博宾 / 约翰尼·德普 米娅·华希科沃斯卡,https://img9.doubanio.com/view/photo/m_ratio_poster/public/p2349374680.jpg,2016-05-27(中国大陆),https://movie.douban.com/subject/21441132/,7,"奇幻,冒险",3.5,2016-12-20 14:28:45
1289476751,大鱼海棠,2016 / 中国大陆 / 剧情 动画 奇幻 / 梁旋 张春 / 季冠霖 苏尚卿,https://img9.doubanio.com/view/photo/m_ratio_poster/public/p2361744534.jpg,2016-07-08(中国大陆),https://movie.douban.com/subject/5045678/,6.9,"剧情,动画,奇幻",1,2016-12-20 14:28:07
1289476497,银翼杀手,1982 / 美国 / 科幻 惊悚 / 雷德利·斯科特 / 哈里森·福特 鲁特格尔·哈尔,https://img9.doubanio.com/view/photo/m_ratio_poster/public/p868550285.jpg,1982-06-25(美国),https://movie.douban.com/subject/1291839/,8.5,"科幻,惊悚",5,2016-12-20 14:27:39
1289476349,他是龙,2015 / 俄罗斯 / 爱情 奇幻 冒险 / 英达尔·珍杜巴耶夫 / 马特维·雷科夫 玛利亚·波叶扎耶娃,https://img9.doubanio.com/view/photo/m_ratio_poster/public/p2374045871.jpg,2016-08-19(中国大陆),https://movie.douban.com/subject/26726098/,7.6,"爱情,奇幻,冒险",4,2016-12-20 14:27:22
1289474818,功夫熊猫3,2016 / 美国 中国大陆 / 喜剧 动作 动画 / 吕寅荣 亚历山德罗·卡罗尼 / 杰克·布莱克 布莱恩·科兰斯顿,https://img9.doubanio.com/view/photo/m_ratio_poster/public/p2306653420.jpg,2016-01-29(中国大陆),https://movie.douban.com/subject/11589036/,7.7,"喜剧,动作,动画",4,2016-12-20 14:24:33
3397410095,肖申克的救赎,1994 / 美国 / 犯罪 剧情 / 弗兰克·德拉邦特 / 蒂姆·罗宾斯 摩根·弗里曼,https://img9.doubanio.com/view/photo/m_ratio_poster/public/p480747492.jpg,1994-09-10(多伦多电影节),https://movie.douban.com/subject/1292052/,9.7,"犯罪,剧情",4,2016-06-22 11:27:33
1289482919,钟馗伏魔：雪妖魔灵,2015 / 中国大陆 中国香港 美国 / 动作 爱情 奇幻 / 鲍德熹 赵天宇 / 陈坤 李冰冰,https://img9.doubanio.com/view/photo/m_ratio_poster/public/p2224452276.jpg,2015-02-19(中国大陆),https://movie.douban.com/subject/25713420/,4.4,"动作,爱情,奇幻",1,2015-12-20 14:38:52
1289482468,港囧,2015 / 中国大陆 / 喜剧 / 徐峥 / 徐峥 包贝尔,https://img9.doubanio.com/view/photo/m_ratio_poster/public/p2266145079.jpg,2015-09-25(中国大陆),https://movie.douban.com/subject/25710912/,5.7,喜剧,1,2015-12-20 14:38:04
1289482094,灰姑娘,2015 / 美国 英国 / 爱情 奇幻 冒险 / 肯尼思·布拉纳 / 莉莉·詹姆斯 理查德·麦登,https://img9.doubanio.com/view/photo/m_ratio_poster/public/p2231066272.jpg,2015-03-13(中国大陆),https://movie.douban.com/subject/6875263/,6.9,"爱情,奇幻,冒险",3.5,2015-12-20 14:37:24
1289481745,狼图腾,2015 / 中国大陆 法国 / 剧情 冒险 / 让-雅克·阿诺 / 冯绍峰 窦骁,https://img9.doubanio.com/view/photo/m_ratio_poster/public/p2225291257.jpg,2015-02-19(中国大陆),https://movie.douban.com/subject/3993588/,6.9,"剧情,冒险",3.5,2015-12-20 14:36:49
1289481381,西游记之大圣归来,2015 / 中国大陆 / 剧情 动画 奇幻 / 田晓鹏 / 张磊 林子杰,https://img9.doubanio.com/view/photo/m_ratio_poster/public/p2255028780.jpg,2015-07-10(中国大陆),https://movie.douban.com/subject/26277313/,8.3,"剧情,动画,奇幻",4,2015-12-20 14:36:12
1289481183,头脑特工队,2015 / 美国 / 喜剧 动画 冒险 / 彼特·道格特 罗纳尔多·德尔·卡门 / 艾米·波勒 菲利丝·史密斯,https://img9.doubanio.com/view/photo/m_ratio_poster/public/p2266293606.jpg,2015-10-06(中国大陆),https://movie.douban.com/subject/10533913/,8.8,"喜剧,动画,冒险",4.5,2015-12-20 14:35:53
1289481000,寻龙诀,2015 / 中国大陆 中国香港 / 剧情 动作 奇幻 / 乌尔善 / 陈坤 黄渤,https://img9.doubanio.com/view/photo/m_ratio_poster/public/p2284620292.jpg,2015-12-18(中国大陆),https://movie.douban.com/subject/3077412/,7.4,"剧情,动作,奇幻",3.5,2015-12-20 14:35:34
1289480871,蚁人,2015 / 美国 / 动作 科幻 冒险 / 佩顿·里德 / 保罗·路德 迈克尔·道格拉斯,https://img9.doubanio.com/view/photo/m_ratio_poster/public/p2266823371.jpg,2015-10-16(中国大陆),https://movie.douban.com/subject/1866473/,7.7,"动作,科幻,冒险",4,2015-12-20 14:35:19
1289480553,超能陆战队,2014 / 美国 / 喜剧 动作 科幻 / 唐·霍尔 克里斯·威廉姆斯 / 斯科特·安第斯 瑞恩·波特,https://img9.doubanio.com/view/photo/m_ratio_poster/public/p2614500883.jpg,2015-02-28(中国大陆),https://movie.douban.com/subject/11026735/,8.7,"喜剧,动作,科幻",4.5,2015-12-20 14:34:44
1289480342,哆啦A梦：伴我同行,2014 / 日本 / 剧情 动画 / 八木龙一 山崎贵 / 水田山葵 大原惠美,https://img9.doubanio.com/view/photo/m_ratio_poster/public/p2244958975.jpg,2015-05-28(中国大陆),https://movie.douban.com/subject/25769362/,8.1,"剧情,动画",4,2015-12-20 14:34:23
1289480168,分手大师,2014 / 中国大陆 / 喜剧 爱情 / 俞白眉 邓超 / 邓超 杨幂,https://img9.doubanio.com/view/photo/m_ratio_poster/public/p2188112867.jpg,2014-06-27(中国大陆),https://movie.douban.com/subject/24879858/,5.1,"喜剧,爱情",2.5,2015-12-20 14:34:03
1289479285,霍比特人3：五军之战,2014 / 美国 新西兰 / 动作 奇幻 冒险 / 彼得·杰克逊 / 马丁·弗瑞曼 伊恩·麦克莱恩,https://img9.doubanio.com/view/photo/m_ratio_poster/public/p2219406504.jpg,2015-01-23(中国大陆),https://movie.douban.com/subject/2973079/,8.5,"动作,奇幻,冒险",5,2015-12-20 14:32:27
1289479014,战狼,2015 / 中国大陆 / 动作 战争 / 吴京 / 吴京 余男,https://img9.doubanio.com/view/photo/m_ratio_poster/public/p2225660666.jpg,2015-04-02(中国大陆),https://movie.douban.com/subject/24753810/,7,"动作,战争",3.5,2015-12-20 14:31:58
1289476078,王牌特工：特工学院,2014 / 英国 美国 / 喜剧 动作 冒险 / 马修·沃恩 / 塔伦·埃哲顿 科林·费尔斯,https://img9.doubanio.com/view/photo/m_ratio_poster/public/p2231932406.jpg,2015-03-27(中国大陆),https://movie.douban.com/subject/24405378/,8.4,"喜剧,动作,冒险",4,2015-12-20 14:26:53
1289479895,沉睡魔咒,2014 / 美国 英国 / 奇幻 冒险 / 罗伯特·斯特罗姆伯格 / 安吉丽娜·朱莉 艾丽·范宁,https://img9.doubanio.com/view/photo/m_ratio_poster/public/p2185343341.jpg,2014-06-20(中国大陆),https://movie.douban.com/subject/4301224/,7.3,"奇幻,冒险",3.5,2014-12-20 14:33:30
1289479427,冰雪奇缘,2013 / 美国 / 喜剧 动画 奇幻 / 克里斯·巴克 珍妮弗·李 / 克里斯汀·贝尔 伊迪娜·门泽尔,https://img9.doubanio.com/view/photo/m_ratio_poster/public/p2166640945.jpg,2014-02-05(中国大陆),https://movie.douban.com/subject/4202982/,8.4,"喜剧,动画,奇幻",4,2014-12-20 14:32:40
